<?xml version="1.0" ?>
<concept name="ReadWritePropertyMap" category="utility">
  <!--
  Copyright 2006 Eric Niebler

  Distributed under the Boost
  Software License, Version 1.0. (See accompanying
  file LICENSE_1_0.txt or copy at http://www.boost.org/LICENSE_1_0.txt)
  -->
  <param name="UnaryBinaryFunc" role="unary-and-binary-function-type" />
  <param name="Iter" role="iterator-type" />

  <models-sentence>
    The type <arg num="1" /> must be a model of <conceptname>UnaryFunction</conceptname>
    and <conceptname>BinaryFunction</conceptname>.
  </models-sentence>

  <models-sentence>
    The type <arg num="2" /> must be a model of <conceptname>ReadableIterator</conceptname>
    and <conceptname>IncrementableIterator</conceptname>.
  </models-sentence>

  <description>
    <para>A ReadWritePropertyMap is used for reading and writing values at a position,
    as represented by a cursor.</para>
  </description>

  <refines const="no" concept="ReadablePropertyMap"/>
  <refines const="no" concept="WritablePropertyMap"/>
  
  <associated-type name="value_type">
    <get-member-type name="type">
      <apply-template name="ReadablePropertyMap">
        <type name="UnaryBinaryFunc" />
        <type name="Iter" />
      </apply-template>
    </get-member-type>
    <description>
      <simpara>The value type of the elements property map.</simpara>
    </description>
  </associated-type>

<!--  
  <example-model>
    <type name="int" />
  </example-model>
-->

</concept>
